video_id,title,genre,duration_min,publish_date
1,Video 1,Comedy,21,2020-01-01
2,Video 2,Sports,61,2020-01-02
3,Video 3,Sports,58,2020-01-03
4,Video 4,Sports,34,2020-01-04
5,Video 5,Sci-Fi,37,2020-01-05
6,Video 6,Sports,115,2020-01-06
7,Video 7,Drama,6,2020-01-07
8,Video 8,Sci-Fi,71,2020-01-08
9,Video 9,Sci-Fi,45,2020-01-09
10,Video 10,Sports,50,2020-01-10
11,Video 11,Sports,13,2020-01-11
12,Video 12,Sports,35,2020-01-12
13,Video 13,Documentary,19,2020-01-13
14,Video 14,Drama,43,2020-01-14
15,Video 15,Comedy,110,2020-01-15
16,Video 16,Sports,41,2020-01-16
17,Video 17,Sci-Fi,100,2020-01-17
18,Video 18,Documentary,83,2020-01-18
19,Video 19,Sci-Fi,54,2020-01-19
20,Video 20,Documentary,19,2020-01-20
21,Video 21,Documentary,18,2020-01-21
22,Video 22,Sci-Fi,113,2020-01-22
23,Video 23,Sports,73,2020-01-23
24,Video 24,Sports,67,2020-01-24
25,Video 25,Drama,67,2020-01-25
26,Video 26,Drama,22,2020-01-26
27,Video 27,Sports,56,2020-01-27
28,Video 28,Sci-Fi,50,2020-01-28
29,Video 29,Comedy,71,2020-01-29
30,Video 30,Comedy,58,2020-01-30
31,Video 31,Comedy,92,2020-01-31
32,Video 32,Sports,113,2020-02-01
33,Video 33,Sci-Fi,38,2020-02-02
34,Video 34,Drama,13,2020-02-03
35,Video 35,Drama,75,2020-02-04
36,Video 36,Sports,114,2020-02-05
37,Video 37,Documentary,83,2020-02-06
38,Video 38,Sports,106,2020-02-07
39,Video 39,Drama,18,2020-02-08
40,Video 40,Drama,118,2020-02-09
41,Video 41,Sports,113,2020-02-10
42,Video 42,Sports,57,2020-02-11
43,Video 43,Sports,44,2020-02-12
44,Video 44,Sci-Fi,113,2020-02-13
45,Video 45,Sci-Fi,55,2020-02-14
46,Video 46,Drama,116,2020-02-15
47,Video 47,Documentary,74,2020-02-16
48,Video 48,Comedy,119,2020-02-17
49,Video 49,Sci-Fi,67,2020-02-18
50,Video 50,Comedy,28,2020-02-19
51,Video 51,Documentary,67,2020-02-20
52,Video 52,Sports,45,2020-02-21
53,Video 53,Drama,11,2020-02-22
54,Video 54,Comedy,8,2020-02-23
55,Video 55,Comedy,82,2020-02-24
56,Video 56,Drama,6,2020-02-25
57,Video 57,Documentary,22,2020-02-26
58,Video 58,Sports,65,2020-02-27
59,Video 59,Sports,94,2020-02-28
60,Video 60,Sci-Fi,50,2020-02-29
61,Video 61,Sci-Fi,5,2020-03-01
62,Video 62,Documentary,98,2020-03-02
63,Video 63,Comedy,46,2020-03-03
64,Video 64,Drama,81,2020-03-04
65,Video 65,Comedy,56,2020-03-05
66,Video 66,Sci-Fi,38,2020-03-06
67,Video 67,Documentary,59,2020-03-07
68,Video 68,Documentary,104,2020-03-08
69,Video 69,Documentary,34,2020-03-09
70,Video 70,Documentary,82,2020-03-10
71,Video 71,Sports,22,2020-03-11
72,Video 72,Documentary,49,2020-03-12
73,Video 73,Sports,6,2020-03-13
74,Video 74,Documentary,29,2020-03-14
75,Video 75,Sci-Fi,14,2020-03-15
76,Video 76,Sci-Fi,116,2020-03-16
77,Video 77,Documentary,14,2020-03-17
78,Video 78,Documentary,85,2020-03-18
79,Video 79,Documentary,108,2020-03-19
80,Video 80,Sci-Fi,33,2020-03-20
81,Video 81,Comedy,32,2020-03-21
82,Video 82,Sports,106,2020-03-22
83,Video 83,Documentary,10,2020-03-23
84,Video 84,Sports,54,2020-03-24
85,Video 85,Sports,66,2020-03-25
86,Video 86,Documentary,38,2020-03-26
87,Video 87,Sports,57,2020-03-27
88,Video 88,Sci-Fi,50,2020-03-28
89,Video 89,Drama,103,2020-03-29
90,Video 90,Documentary,102,2020-03-30
91,Video 91,Documentary,80,2020-03-31
92,Video 92,Comedy,37,2020-04-01
93,Video 93,Sports,47,2020-04-02
94,Video 94,Sci-Fi,108,2020-04-03
95,Video 95,Documentary,57,2020-04-04
96,Video 96,Comedy,86,2020-04-05
97,Video 97,Comedy,84,2020-04-06
98,Video 98,Drama,105,2020-04-07
99,Video 99,Documentary,70,2020-04-08
100,Video 100,Documentary,14,2020-04-09
101,Video 101,Comedy,95,2020-04-10
102,Video 102,Sci-Fi,14,2020-04-11
103,Video 103,Sci-Fi,102,2020-04-12
104,Video 104,Documentary,30,2020-04-13
105,Video 105,Sci-Fi,23,2020-04-14
106,Video 106,Sports,90,2020-04-15
107,Video 107,Comedy,57,2020-04-16
108,Video 108,Comedy,22,2020-04-17
109,Video 109,Sports,40,2020-04-18
110,Video 110,Comedy,64,2020-04-19
111,Video 111,Documentary,98,2020-04-20
112,Video 112,Drama,108,2020-04-21
113,Video 113,Sci-Fi,61,2020-04-22
114,Video 114,Drama,8,2020-04-23
115,Video 115,Comedy,113,2020-04-24
116,Video 116,Sci-Fi,59,2020-04-25
117,Video 117,Drama,50,2020-04-26
118,Video 118,Sports,108,2020-04-27
119,Video 119,Sports,63,2020-04-28
120,Video 120,Comedy,42,2020-04-29
121,Video 121,Drama,27,2020-04-30
122,Video 122,Documentary,86,2020-05-01
123,Video 123,Drama,38,2020-05-02
124,Video 124,Drama,106,2020-05-03
125,Video 125,Comedy,88,2020-05-04
126,Video 126,Drama,63,2020-05-05
127,Video 127,Documentary,50,2020-05-06
128,Video 128,Drama,17,2020-05-07
129,Video 129,Documentary,22,2020-05-08
130,Video 130,Sci-Fi,45,2020-05-09
131,Video 131,Sci-Fi,76,2020-05-10
132,Video 132,Sports,12,2020-05-11
133,Video 133,Drama,29,2020-05-12
134,Video 134,Documentary,13,2020-05-13
135,Video 135,Comedy,79,2020-05-14
136,Video 136,Documentary,82,2020-05-15
137,Video 137,Drama,48,2020-05-16
138,Video 138,Drama,38,2020-05-17
139,Video 139,Comedy,27,2020-05-18
140,Video 140,Comedy,111,2020-05-19
141,Video 141,Documentary,75,2020-05-20
142,Video 142,Comedy,35,2020-05-21
143,Video 143,Sports,91,2020-05-22
144,Video 144,Comedy,37,2020-05-23
145,Video 145,Sports,19,2020-05-24
146,Video 146,Drama,57,2020-05-25
147,Video 147,Documentary,113,2020-05-26
148,Video 148,Documentary,73,2020-05-27
149,Video 149,Sports,68,2020-05-28
150,Video 150,Sci-Fi,87,2020-05-29
151,Video 151,Sports,35,2020-05-30
152,Video 152,Sports,117,2020-05-31
153,Video 153,Sci-Fi,111,2020-06-01
154,Video 154,Comedy,80,2020-06-02
155,Video 155,Drama,93,2020-06-03
156,Video 156,Drama,40,2020-06-04
157,Video 157,Documentary,117,2020-06-05
158,Video 158,Documentary,111,2020-06-06
159,Video 159,Sports,54,2020-06-07
160,Video 160,Sports,70,2020-06-08
161,Video 161,Drama,79,2020-06-09
162,Video 162,Sci-Fi,17,2020-06-10
163,Video 163,Sci-Fi,110,2020-06-11
164,Video 164,Sci-Fi,118,2020-06-12
165,Video 165,Documentary,9,2020-06-13
166,Video 166,Sports,13,2020-06-14
167,Video 167,Comedy,27,2020-06-15
168,Video 168,Drama,64,2020-06-16
169,Video 169,Documentary,101,2020-06-17
170,Video 170,Comedy,81,2020-06-18
171,Video 171,Drama,67,2020-06-19
172,Video 172,Sports,85,2020-06-20
173,Video 173,Drama,105,2020-06-21
174,Video 174,Comedy,90,2020-06-22
175,Video 175,Sci-Fi,73,2020-06-23
176,Video 176,Documentary,109,2020-06-24
177,Video 177,Drama,17,2020-06-25
178,Video 178,Sports,46,2020-06-26
179,Video 179,Drama,83,2020-06-27
180,Video 180,Sci-Fi,26,2020-06-28
181,Video 181,Comedy,108,2020-06-29
182,Video 182,Comedy,17,2020-06-30
183,Video 183,Sports,20,2020-07-01
184,Video 184,Documentary,112,2020-07-02
185,Video 185,Sci-Fi,69,2020-07-03
186,Video 186,Sports,12,2020-07-04
187,Video 187,Drama,71,2020-07-05
188,Video 188,Drama,28,2020-07-06
189,Video 189,Sports,42,2020-07-07
190,Video 190,Documentary,74,2020-07-08
191,Video 191,Drama,69,2020-07-09
192,Video 192,Drama,34,2020-07-10
193,Video 193,Documentary,6,2020-07-11
194,Video 194,Comedy,46,2020-07-12
195,Video 195,Sports,91,2020-07-13
196,Video 196,Sports,49,2020-07-14
197,Video 197,Comedy,10,2020-07-15
198,Video 198,Documentary,70,2020-07-16
199,Video 199,Documentary,6,2020-07-17
200,Video 200,Drama,68,2020-07-18
201,Video 201,Documentary,67,2020-07-19
202,Video 202,Documentary,89,2020-07-20
203,Video 203,Documentary,51,2020-07-21
204,Video 204,Sports,19,2020-07-22
205,Video 205,Sci-Fi,69,2020-07-23
206,Video 206,Drama,43,2020-07-24
207,Video 207,Sci-Fi,62,2020-07-25
208,Video 208,Sports,62,2020-07-26
209,Video 209,Sports,59,2020-07-27
210,Video 210,Sci-Fi,79,2020-07-28
211,Video 211,Sci-Fi,116,2020-07-29
212,Video 212,Sports,39,2020-07-30
213,Video 213,Sports,30,2020-07-31
214,Video 214,Sports,8,2020-08-01
215,Video 215,Comedy,105,2020-08-02
216,Video 216,Drama,84,2020-08-03
217,Video 217,Drama,20,2020-08-04
218,Video 218,Documentary,91,2020-08-05
219,Video 219,Documentary,97,2020-08-06
220,Video 220,Comedy,88,2020-08-07
221,Video 221,Drama,54,2020-08-08
222,Video 222,Sports,37,2020-08-09
223,Video 223,Sports,77,2020-08-10
224,Video 224,Sports,18,2020-08-11
225,Video 225,Drama,29,2020-08-12
226,Video 226,Documentary,101,2020-08-13
227,Video 227,Comedy,86,2020-08-14
228,Video 228,Sci-Fi,75,2020-08-15
229,Video 229,Sports,98,2020-08-16
230,Video 230,Sci-Fi,35,2020-08-17
231,Video 231,Sci-Fi,115,2020-08-18
232,Video 232,Comedy,62,2020-08-19
233,Video 233,Drama,10,2020-08-20
234,Video 234,Comedy,37,2020-08-21
235,Video 235,Sci-Fi,31,2020-08-22
236,Video 236,Comedy,69,2020-08-23
237,Video 237,Drama,25,2020-08-24
238,Video 238,Sci-Fi,32,2020-08-25
239,Video 239,Documentary,85,2020-08-26
240,Video 240,Documentary,63,2020-08-27
241,Video 241,Sci-Fi,11,2020-08-28
242,Video 242,Sci-Fi,23,2020-08-29
243,Video 243,Comedy,117,2020-08-30
244,Video 244,Sports,81,2020-08-31
245,Video 245,Documentary,115,2020-09-01
246,Video 246,Drama,95,2020-09-02
247,Video 247,Sports,19,2020-09-03
248,Video 248,Comedy,40,2020-09-04
249,Video 249,Drama,35,2020-09-05
250,Video 250,Sports,48,2020-09-06
251,Video 251,Sports,118,2020-09-07
252,Video 252,Drama,62,2020-09-08
253,Video 253,Documentary,46,2020-09-09
254,Video 254,Comedy,113,2020-09-10
255,Video 255,Sci-Fi,119,2020-09-11
256,Video 256,Documentary,55,2020-09-12
257,Video 257,Documentary,95,2020-09-13
258,Video 258,Sports,44,2020-09-14
259,Video 259,Drama,32,2020-09-15
260,Video 260,Sports,110,2020-09-16
261,Video 261,Comedy,7,2020-09-17
262,Video 262,Drama,53,2020-09-18
263,Video 263,Sci-Fi,110,2020-09-19
264,Video 264,Drama,24,2020-09-20
265,Video 265,Comedy,94,2020-09-21
266,Video 266,Documentary,61,2020-09-22
267,Video 267,Sports,108,2020-09-23
268,Video 268,Documentary,5,2020-09-24
269,Video 269,Documentary,15,2020-09-25
270,Video 270,Comedy,114,2020-09-26
271,Video 271,Documentary,39,2020-09-27
272,Video 272,Sports,56,2020-09-28
273,Video 273,Sports,89,2020-09-29
274,Video 274,Sci-Fi,12,2020-09-30
275,Video 275,Sports,91,2020-10-01
276,Video 276,Drama,76,2020-10-02
277,Video 277,Comedy,78,2020-10-03
278,Video 278,Comedy,71,2020-10-04
279,Video 279,Drama,30,2020-10-05
280,Video 280,Sci-Fi,97,2020-10-06
281,Video 281,Sports,65,2020-10-07
282,Video 282,Sports,52,2020-10-08
283,Video 283,Comedy,77,2020-10-09
284,Video 284,Documentary,76,2020-10-10
285,Video 285,Comedy,71,2020-10-11
286,Video 286,Drama,36,2020-10-12
287,Video 287,Comedy,27,2020-10-13
288,Video 288,Sci-Fi,77,2020-10-14
289,Video 289,Sci-Fi,21,2020-10-15
290,Video 290,Sci-Fi,50,2020-10-16
291,Video 291,Drama,27,2020-10-17
292,Video 292,Sci-Fi,113,2020-10-18
293,Video 293,Comedy,119,2020-10-19
294,Video 294,Sports,89,2020-10-20
295,Video 295,Documentary,20,2020-10-21
296,Video 296,Sci-Fi,17,2020-10-22
297,Video 297,Sports,5,2020-10-23
298,Video 298,Comedy,50,2020-10-24
299,Video 299,Sports,105,2020-10-25
300,Video 300,Comedy,79,2020-10-26
